CR	1	1	1	1	0	ALKYL	CARBON
C=C	2	2	2	1	0	VINYLIC
C=O	3	3	3	1	0	GENERAL	CARBONYL	C
CSP	4	4	4	1	0	ACETYLENIC	C
HC	5	5	5	5	0	H-C
OR	6	6	6	6	0	O-CSP3
O=C	7	7	7	6	0	O=C,	GENERIC
NR	8	8	8	8	0	AMINE	N
N=C	9	9	9	8	0	N=C,	IMINES
NC=O	10	10	10	8	0	N-C=O,	AMIDES
F	11	11	11	11	0	FLUORINE
CL	12	12	12	12	0	CHLORINE
BR	13	13	13	13	0	BROMINE
I	14	14	14	14	0	IODINE
S	15	15	15	15	0	THIOL,	SULFIDE
S=C	16	16	16	15	0	S	DOUBLY	BONDED	TO	C
S=O	17	17	17	15	0	SULFOXIDE	S
SO2	18	18	18	15	0	SULFONE	S
SI	19	19	19	19	0	SILICON
CR4R	20	20	1	1	0	C	IN	CYCLOBUTYL
HOR	21	21	21	5	0	H-O,	ALCOHOLS
CR3R	22	22	22	1	0	C	IN	CYCLOPROPLY
HNR	23	23	23	5	0	H-N,	AMINES
HOCO	24	24	24	5	0	H-O,	ACIDS
PO4	25	25	25	25	0	PHOSPHODIESTER
P	26	26	26	25	0	TRICOORDINATE	P
HN=C	27	27	28	5	0	IMINE	N-H
HNCO	28	28	28	5	0	H-N,	AMIDES
HOCC	29	29	29	5	0	H-O,	ENOLS,	PHENOLS
CE4R	30	30	2	1	0	C=C	IN	4-RING
HOH	31	31	31	31	0	H-OH
O2CM	32	32	7	6	0	O,	CARBOXYLATE	ANION
HOS	33	33	21	5	0	H-O-S,	SULF	ACIDS
NR+	34	34	8	8	0	N+,	QUATERNARY	N
OM	35	35	6	6	0	OXIDE	OXYGEN	ON	SP3	C
HNR+	36	36	36	5	0	H-N+
CB	37	37	2	1	0	AROMATIC	C
NPYD	38	38	9	8	0	AROMATIC	N,	PYRIDINE
NPYL	39	39	10	8	0	AROMATIC	N,	PYRROLE
NC=C	40	40	10	8	0	N-C=C	(DELOC	LP)
CO2M	41	41	3	1	0	C	IN	CO2-	ANION
NSP	42	42	42	8	0	N	TRIPLE	BONDED
NSO2	43	43	10	8	0	N,	SULFONAMIDES
STHI	44	44	16	15	0	S	IN	THIOPHENE
NO2	45	45	10	8	0	NITRO	GROUP	N
N=O	46	46	9	8	0	NITROSO	GROUP	N
NAZT	47	47	42	8	0	TERMINAL	N,	AZIDE
NSO	48	48	9	8	0	DIVAL.	N	IN	S(N)(O)	GP
O+	49	49	6	6	0	OXONIUM	(TRICOORD)	O
HO+	50	50	21	5	0	H	ON	OXONIUM	OXYGEN
O=+	51	51	7	6	0	OXENIUM	OXYGEN+
HO=+	52	52	21	5	0	H	ON	OXENIUM	O+
=N=	53	53	42	8	0	N	TWICE	DOUBLE	BONDED
N+=C	54	54	9	8	0	IMINIUM	NITROGEN
NCN+	55	55	10	8	0	N	IN	+N=C-N:	;	Q=1/2
NGD+	56	56	10	8	0	GUANIDINIUM	N;	Q=1/3
CGD+	57	57	2	1	0	GUANIDINIUM	CARBON
NPD+	58	58	10	8	0	N	PYRIDINIUM	ION
OFUR	59	59	6	6	0	AROMATIC	O,	FURAN
C%	60	60	4	1	0	ISONITRILE	CARBON
NR%	61	61	42	8	0	ISONITRILE	N
NM	62	62	10	8	0	SULFONAMIDE	N-
C5A	63	63	2	1	0	ALPHA	AROM	5-RING	C
C5B	64	64	2	1	0	BETA	AROM	5-RING	C
N5A	65	65	9	8	0	ALPHA	AROM	5-RING	N
N5B	66	66	9	8	0	ALPHA	AROM	5-RING	N
N2OX	67	67	9	8	0	NITROGEN	IN	N-OXIDE
N3OX	68	68	8	8	0	NITROGEN	IN	N-OXIDE
NPOX	69	69	9	8	0	NITROGEN	IN	N-OXIDE
OH2	70	70	70	70	70	OXYGEN	IN	WATER
HS	71	71	5	5	0	H-S
S2CM	72	72	16	15	0	THIOCARBOXYLATE	S
SO2M	73	73	18	15	0	SULFUR	IN	SULFINATE
=S=O	74	74	17	15	0	SULFINYL	SULFUR,	C=S=O
-P=C	75	75	26	25	0	P	DOUBLY	BONDED	TO	C
N5M	76	76	9	8	0	NEG	N	IN	TETRAZOLE	AN
CLO4	77	77	12	12	0	CHLORINE	IN	CLO4(-)
C5	78	78	2	1	0	GENERAL	AROM	5-RING	C
N5	79	79	9	8	0	GENERAL	AROM	5-RING	N
CIM+	80	80	2	1	0	C	IN	N-C-N,	IM+	ION
NIM+	81	81	10	8	0	N	IN	N-C-N,	IM+	ION
N5AX	82	82	9	8	0	5R	NITROGEN	IN	N-OXIDE
FE+2	87	87	87	87	87	IRON	+2	CATION
FE+3	88	88	88	88	88	IRON	+3	CATION
F-	89	89	89	89	89	FLUORIDE	ANION
CL-	90	90	90	90	90	CHLORIDE	ANION
BR-	91	91	91	91	91	BROMIDE	ANION
LI+	92	92	92	92	92	LITHIUM	CATION
NA+	93	93	93	93	93	SODIUM	CATION
K+	94	94	94	94	94	POTASSIUM	CATION
ZN+2	95	95	95	95	95	DIPOSITIVE	ZINC	CATION
CA+2	96	96	96	96	96	DIPOSITIVE	CALCIUM	CATION
CU+1	97	97	97	97	97	MONOPOSITIVE	COPPER	CATION
CU+2	98	98	98	98	98	DIPOSITIVE	COPPER	CATION
MG+2	99	99	99	99	99	DIPOSITIVE	MAGNESIUM	CATION
